indicator,year,location,ageGroup,ebllDescription,pctEbll,fips,numTested,numEbll,denominator,pctTested,unstable,
"Test year (annual method)","2000","Minnesota","<3 years","<5 mcg/dL (unelevated)","79.1","27000","28268","22373","196758","14.4","false"
"Test year (annual method)","2000","Minnesota","3-<6 years","<5 mcg/dL (unelevated)","74.8","27000","12903","9651","201420","6.4","false"
"Test year (annual method)","2000","Minnesota","<6 years","<5 mcg/dL (unelevated)","77.8","27000","41171","32024","398178","10.3","false"
"Test year (annual method)","2000","Minnesota","<3 years","5-9 mcg/dL","4.5","27000","28268","1274","196758","14.4","false"
"Test year (annual method)","2000","Minnesota","3-<6 years","5-9 mcg/dL","7.1","27000","12903","912","201420","6.4","false"
"Test year (annual method)","2000","Minnesota","<6 years","5-9 mcg/dL","5.3","27000","41171","2186","398178","10.3","false"
"Test year (annual method)","2000","Minnesota","<3 years","10-14 mcg/dL","1.1","27000","28268","314","196758","14.4","false"
"Test year (annual method)","2000","Minnesota","3-<6 years","10-14 mcg/dL","1.8","27000","12903","226","201420","6.4","false"
"Test year (annual method)","2000","Minnesota","<6 years","10-14 mcg/dL","1.3","27000","41171","540","398178","10.3","false"
"Test year (annual method)","2000","Minnesota","<3 years","15-19 mcg/dL","0.4","27000","28268","123","196758","14.4","false"
"Test year (annual method)","2000","Minnesota","3-<6 years","15-19 mcg/dL","0.7","27000","12903","85","201420","6.4","false"
"Test year (annual method)","2000","Minnesota","<6 years","15-19 mcg/dL","0.5","27000","41171","208","398178","10.3","false"
"Test year (annual method)","2000","Minnesota","<3 years","20-24 mcg/dL","0.2","27000","28268","59","196758","14.4","false"
"Test year (annual method)","2000","Minnesota","3-<6 years","20-24 mcg/dL","0.2","27000","12903","29","201420","6.4","false"
"Test year (annual method)","2000","Minnesota","<6 years","20-24 mcg/dL","0.2","27000","41171","88","398178","10.3","false"
"Test year (annual method)","2000","Minnesota","<3 years","25-44 mcg/dL","0.2","27000","28268","62","196758","14.4","false"
"Test year (annual method)","2000","Minnesota","3-<6 years","25-44 mcg/dL","0.3","27000","12903","37","201420","6.4","false"
"Test year (annual method)","2000","Minnesota","<6 years","25-44 mcg/dL","0.2","27000","41171","99","398178","10.3","false"
"Test year (annual method)","2000","Minnesota","<3 years","45-69 mcg/dL","0.0*","27000","28268","8","196758","14.4","true"
"Test year (annual method)","2000","Minnesota","3-<6 years","45-69 mcg/dL","0.0*","27000","12903","2","201420","6.4","true"
"Test year (annual method)","2000","Minnesota","<6 years","45-69 mcg/dL","0.0*","27000","41171","10","398178","10.3","true"
"Test year (annual method)","2000","Minnesota","<3 years",">70 mcg/dL","0.0*","27000","28268","3","196758","14.4","true"
"Test year (annual method)","2000","Minnesota","3-<6 years",">70 mcg/dL","0.0*","27000","12903","0","201420","6.4","true"
"Test year (annual method)","2000","Minnesota","<6 years",">70 mcg/dL","0.0*","27000","41171","3","398178","10.3","true"
"Test year (annual method)","2001","Minnesota","<3 years","<5 mcg/dL (unelevated)","81.1","27000","32641","26457","200282","16.3","false"
"Test year (annual method)","2001","Minnesota","3-<6 years","<5 mcg/dL (unelevated)","75.5","27000","14455","10909","200373","7.2","false"
"Test year (annual method)","2001","Minnesota","<6 years","<5 mcg/dL (unelevated)","79.3","27000","47096","37366","400655","11.8","false"
"Test year (annual method)","2001","Minnesota","<3 years","5-9 mcg/dL","4.1","27000","32641","1342","200282","16.3","false"
"Test year (annual method)","2001","Minnesota","3-<6 years","5-9 mcg/dL","6.5","27000","14455","933","200373","7.2","false"
"Test year (annual method)","2001","Minnesota","<6 years","5-9 mcg/dL","4.8","27000","47096","2275","400655","11.8","false"
"Test year (annual method)","2001","Minnesota","<3 years","10-14 mcg/dL","1.0","27000","32641","325","200282","16.3","false"
"Test year (annual method)","2001","Minnesota","3-<6 years","10-14 mcg/dL","1.9","27000","14455","274","200373","7.2","false"
"Test year (annual method)","2001","Minnesota","<6 years","10-14 mcg/dL","1.3","27000","47096","599","400655","11.8","false"
"Test year (annual method)","2001","Minnesota","<3 years","15-19 mcg/dL","0.4","27000","32641","126","200282","16.3","false"
"Test year (annual method)","2001","Minnesota","3-<6 years","15-19 mcg/dL","0.6","27000","14455","83","200373","7.2","false"
"Test year (annual method)","2001","Minnesota","<6 years","15-19 mcg/dL","0.4","27000","47096","209","400655","11.8","false"
"Test year (annual method)","2001","Minnesota","<3 years","20-24 mcg/dL","0.2","27000","32641","63","200282","16.3","false"
"Test year (annual method)","2001","Minnesota","3-<6 years","20-24 mcg/dL","0.3","27000","14455","37","200373","7.2","false"
"Test year (annual method)","2001","Minnesota","<6 years","20-24 mcg/dL","0.2","27000","47096","100","400655","11.8","false"
"Test year (annual method)","2001","Minnesota","<3 years","25-44 mcg/dL","0.2","27000","32641","55","200282","16.3","false"
"Test year (annual method)","2001","Minnesota","3-<6 years","25-44 mcg/dL","0.3","27000","14455","37","200373","7.2","false"
"Test year (annual method)","2001","Minnesota","<6 years","25-44 mcg/dL","0.2","27000","47096","92","400655","11.8","false"
"Test year (annual method)","2001","Minnesota","<3 years","45-69 mcg/dL","0.0*","27000","32641","7","200282","16.3","true"
"Test year (annual method)","2001","Minnesota","3-<6 years","45-69 mcg/dL","0.0*","27000","14455","4","200373","7.2","true"
"Test year (annual method)","2001","Minnesota","<6 years","45-69 mcg/dL","0.0*","27000","47096","11","400655","11.8","true"
"Test year (annual method)","2001","Minnesota","<3 years",">70 mcg/dL","0.0*","27000","32641","4","200282","16.3","true"
"Test year (annual method)","2001","Minnesota","3-<6 years",">70 mcg/dL","0.0*","27000","14455","1","200373","7.2","true"
"Test year (annual method)","2001","Minnesota","<6 years",">70 mcg/dL","0.0*","27000","47096","5","400655","11.8","true"
"Test year (annual method)","2002","Minnesota","<3 years","<5 mcg/dL (unelevated)","82.3","27000","37363","30754","201034","18.6","false"
"Test year (annual method)","2002","Minnesota","3-<6 years","<5 mcg/dL (unelevated)","79.1","27000","15759","12462","199444","7.9","false"
"Test year (annual method)","2002","Minnesota","<6 years","<5 mcg/dL (unelevated)","81.4","27000","53122","43216","400478","13.3","false"
"Test year (annual method)","2002","Minnesota","<3 years","5-9 mcg/dL","3.7","27000","37363","1383","201034","18.6","false"
"Test year (annual method)","2002","Minnesota","3-<6 years","5-9 mcg/dL","4.9","27000","15759","777","199444","7.9","false"
"Test year (annual method)","2002","Minnesota","<6 years","5-9 mcg/dL","4.1","27000","53122","2160","400478","13.3","false"
"Test year (annual method)","2002","Minnesota","<3 years","10-14 mcg/dL","0.8","27000","37363","303","201034","18.6","false"
"Test year (annual method)","2002","Minnesota","3-<6 years","10-14 mcg/dL","1.2","27000","15759","183","199444","7.9","false"
"Test year (annual method)","2002","Minnesota","<6 years","10-14 mcg/dL","0.9","27000","53122","486","400478","13.3","false"
"Test year (annual method)","2002","Minnesota","<3 years","15-19 mcg/dL","0.3","27000","37363","111","201034","18.6","false"
"Test year (annual method)","2002","Minnesota","3-<6 years","15-19 mcg/dL","0.2","27000","15759","29","199444","7.9","false"
"Test year (annual method)","2002","Minnesota","<6 years","15-19 mcg/dL","0.3","27000","53122","140","400478","13.3","false"
"Test year (annual method)","2002","Minnesota","<3 years","20-24 mcg/dL","0.1","27000","37363","45","201034","18.6","false"
"Test year (annual method)","2002","Minnesota","3-<6 years","20-24 mcg/dL","0.2","27000","15759","32","199444","7.9","false"
"Test year (annual method)","2002","Minnesota","<6 years","20-24 mcg/dL","0.1","27000","53122","77","400478","13.3","false"
"Test year (annual method)","2002","Minnesota","<3 years","25-44 mcg/dL","0.2","27000","37363","70","201034","18.6","false"
"Test year (annual method)","2002","Minnesota","3-<6 years","25-44 mcg/dL","0.2","27000","15759","32","199444","7.9","false"
"Test year (annual method)","2002","Minnesota","<6 years","25-44 mcg/dL","0.2","27000","53122","102","400478","13.3","false"
"Test year (annual method)","2002","Minnesota","<3 years","45-69 mcg/dL","0.0*","27000","37363","4","201034","18.6","true"
"Test year (annual method)","2002","Minnesota","3-<6 years","45-69 mcg/dL","0.0*","27000","15759","5","199444","7.9","true"
"Test year (annual method)","2002","Minnesota","<6 years","45-69 mcg/dL","0.0*","27000","53122","9","400478","13.3","true"
"Test year (annual method)","2002","Minnesota","<3 years",">70 mcg/dL","0.0*","27000","37363","1","201034","18.6","true"
"Test year (annual method)","2002","Minnesota","3-<6 years",">70 mcg/dL","0.0*","27000","15759","2","199444","7.9","true"
"Test year (annual method)","2002","Minnesota","<6 years",">70 mcg/dL","0.0*","27000","53122","3","400478","13.3","true"
"Test year (annual method)","2003","Minnesota","<3 years","<5 mcg/dL (unelevated)","85.8","27000","45404","38960","202694","22.4","false"
"Test year (annual method)","2003","Minnesota","3-<6 years","<5 mcg/dL (unelevated)","83.2","27000","16411","13651","199861","8.2","false"
"Test year (annual method)","2003","Minnesota","<6 years","<5 mcg/dL (unelevated)","85.1","27000","61815","52611","402555","15.4","false"
"Test year (annual method)","2003","Minnesota","<3 years","5-9 mcg/dL","2.8","27000","45404","1264","202694","22.4","false"
"Test year (annual method)","2003","Minnesota","3-<6 years","5-9 mcg/dL","4.1","27000","16411","678","199861","8.2","false"
"Test year (annual method)","2003","Minnesota","<6 years","5-9 mcg/dL","3.1","27000","61815","1942","402555","15.4","false"
"Test year (annual method)","2003","Minnesota","<3 years","10-14 mcg/dL","0.7","27000","45404","312","202694","22.4","false"
"Test year (annual method)","2003","Minnesota","3-<6 years","10-14 mcg/dL","0.8","27000","16411","139","199861","8.2","false"
"Test year (annual method)","2003","Minnesota","<6 years","10-14 mcg/dL","0.7","27000","61815","451","402555","15.4","false"
"Test year (annual method)","2003","Minnesota","<3 years","15-19 mcg/dL","0.3","27000","45404","118","202694","22.4","false"
"Test year (annual method)","2003","Minnesota","3-<6 years","15-19 mcg/dL","0.2","27000","16411","41","199861","8.2","false"
"Test year (annual method)","2003","Minnesota","<6 years","15-19 mcg/dL","0.3","27000","61815","159","402555","15.4","false"
"Test year (annual method)","2003","Minnesota","<3 years","20-24 mcg/dL","0.1","27000","45404","44","202694","22.4","false"
"Test year (annual method)","2003","Minnesota","3-<6 years","20-24 mcg/dL","0.2","27000","16411","26","199861","8.2","false"
"Test year (annual method)","2003","Minnesota","<6 years","20-24 mcg/dL","0.1","27000","61815","70","402555","15.4","false"
"Test year (annual method)","2003","Minnesota","<3 years","25-44 mcg/dL","0.1","27000","45404","52","202694","22.4","false"
"Test year (annual method)","2003","Minnesota","3-<6 years","25-44 mcg/dL","0.1","27000","16411","21","199861","8.2","false"
"Test year (annual method)","2003","Minnesota","<6 years","25-44 mcg/dL","0.1","27000","61815","73","402555","15.4","false"
"Test year (annual method)","2003","Minnesota","<3 years","45-69 mcg/dL","0.0*","27000","45404","6","202694","22.4","true"
"Test year (annual method)","2003","Minnesota","3-<6 years","45-69 mcg/dL","0.0*","27000","16411","4","199861","8.2","true"
"Test year (annual method)","2003","Minnesota","<6 years","45-69 mcg/dL","0.0*","27000","61815","10","402555","15.4","true"
"Test year (annual method)","2003","Minnesota","<3 years",">70 mcg/dL","0.0*","27000","45404","3","202694","22.4","true"
"Test year (annual method)","2003","Minnesota","3-<6 years",">70 mcg/dL","0.0*","27000","16411","0","199861","8.2","true"
"Test year (annual method)","2003","Minnesota","<6 years",">70 mcg/dL","0.0*","27000","61815","3","402555","15.4","true"
"Test year (annual method)","2004","Minnesota","<3 years","<5 mcg/dL (unelevated)","88.7","27000","54220","48096","204917","26.5","false"
"Test year (annual method)","2004","Minnesota","3-<6 years","<5 mcg/dL (unelevated)","85.4","27000","18056","15423","202669","8.9","false"
"Test year (annual method)","2004","Minnesota","<6 years","<5 mcg/dL (unelevated)","87.9","27000","72276","63519","407586","17.7","false"
"Test year (annual method)","2004","Minnesota","<3 years","5-9 mcg/dL","2.3","27000","54220","1230","204917","26.5","false"
"Test year (annual method)","2004","Minnesota","3-<6 years","5-9 mcg/dL","4.0","27000","18056","720","202669","8.9","false"
"Test year (annual method)","2004","Minnesota","<6 years","5-9 mcg/dL","2.7","27000","72276","1950","407586","17.7","false"
"Test year (annual method)","2004","Minnesota","<3 years","10-14 mcg/dL","0.5","27000","54220","260","204917","26.5","false"
"Test year (annual method)","2004","Minnesota","3-<6 years","10-14 mcg/dL","0.7","27000","18056","131","202669","8.9","false"
"Test year (annual method)","2004","Minnesota","<6 years","10-14 mcg/dL","0.5","27000","72276","391","407586","17.7","false"
"Test year (annual method)","2004","Minnesota","<3 years","15-19 mcg/dL","0.2","27000","54220","94","204917","26.5","false"
"Test year (annual method)","2004","Minnesota","3-<6 years","15-19 mcg/dL","0.2","27000","18056","32","202669","8.9","false"
"Test year (annual method)","2004","Minnesota","<6 years","15-19 mcg/dL","0.2","27000","72276","126","407586","17.7","false"
"Test year (annual method)","2004","Minnesota","<3 years","20-24 mcg/dL","0.1","27000","54220","39","204917","26.5","false"
"Test year (annual method)","2004","Minnesota","3-<6 years","20-24 mcg/dL","0.1*","27000","18056","14","202669","8.9","true"
"Test year (annual method)","2004","Minnesota","<6 years","20-24 mcg/dL","0.1","27000","72276","53","407586","17.7","false"
"Test year (annual method)","2004","Minnesota","<3 years","25-44 mcg/dL","0.1","27000","54220","40","204917","26.5","false"
"Test year (annual method)","2004","Minnesota","3-<6 years","25-44 mcg/dL","0.1*","27000","18056","18","202669","8.9","true"
"Test year (annual method)","2004","Minnesota","<6 years","25-44 mcg/dL","0.1","27000","72276","58","407586","17.7","false"
"Test year (annual method)","2004","Minnesota","<3 years","45-69 mcg/dL","0.0*","27000","54220","8","204917","26.5","true"
"Test year (annual method)","2004","Minnesota","3-<6 years","45-69 mcg/dL","0.0*","27000","18056","1","202669","8.9","true"
"Test year (annual method)","2004","Minnesota","<6 years","45-69 mcg/dL","0.0*","27000","72276","9","407586","17.7","true"
"Test year (annual method)","2004","Minnesota","<3 years",">70 mcg/dL","0.0*","27000","54220","4","204917","26.5","true"
"Test year (annual method)","2004","Minnesota","3-<6 years",">70 mcg/dL","0.0*","27000","18056","0","202669","8.9","true"
"Test year (annual method)","2004","Minnesota","<6 years",">70 mcg/dL","0.0*","27000","72276","4","407586","17.7","true"
"Test year (annual method)","2005","Minnesota","<3 years","<5 mcg/dL (unelevated)","89.4","27000","62583","55979","207767","30.1","false"
"Test year (annual method)","2005","Minnesota","3-<6 years","<5 mcg/dL (unelevated)","85.7","27000","16307","13974","204019","8","false"
"Test year (annual method)","2005","Minnesota","<6 years","<5 mcg/dL (unelevated)","88.7","27000","78890","69953","411786","19.2","false"
"Test year (annual method)","2005","Minnesota","<3 years","5-9 mcg/dL","1.9","27000","62583","1172","207767","30.1","false"
"Test year (annual method)","2005","Minnesota","3-<6 years","5-9 mcg/dL","3.4","27000","16307","547","204019","8","false"
"Test year (annual method)","2005","Minnesota","<6 years","5-9 mcg/dL","2.2","27000","78890","1719","411786","19.2","false"
"Test year (annual method)","2005","Minnesota","<3 years","10-14 mcg/dL","0.4","27000","62583","246","207767","30.1","false"
"Test year (annual method)","2005","Minnesota","3-<6 years","10-14 mcg/dL","0.8","27000","16307","124","204019","8","false"
"Test year (annual method)","2005","Minnesota","<6 years","10-14 mcg/dL","0.5","27000","78890","370","411786","19.2","false"
"Test year (annual method)","2005","Minnesota","<3 years","15-19 mcg/dL","0.2","27000","62583","103","207767","30.1","false"
"Test year (annual method)","2005","Minnesota","3-<6 years","15-19 mcg/dL","0.2","27000","16307","29","204019","8","false"
"Test year (annual method)","2005","Minnesota","<6 years","15-19 mcg/dL","0.2","27000","78890","132","411786","19.2","false"
"Test year (annual method)","2005","Minnesota","<3 years","20-24 mcg/dL","0.1","27000","62583","42","207767","30.1","false"
"Test year (annual method)","2005","Minnesota","3-<6 years","20-24 mcg/dL","0.1*","27000","16307","17","204019","8","true"
"Test year (annual method)","2005","Minnesota","<6 years","20-24 mcg/dL","0.1","27000","78890","59","411786","19.2","false"
"Test year (annual method)","2005","Minnesota","<3 years","25-44 mcg/dL","0.1","27000","62583","48","207767","30.1","false"
"Test year (annual method)","2005","Minnesota","3-<6 years","25-44 mcg/dL","0.1*","27000","16307","19","204019","8","true"
"Test year (annual method)","2005","Minnesota","<6 years","25-44 mcg/dL","0.1","27000","78890","67","411786","19.2","false"
"Test year (annual method)","2005","Minnesota","<3 years","45-69 mcg/dL","0.0*","27000","62583","4","207767","30.1","true"
"Test year (annual method)","2005","Minnesota","3-<6 years","45-69 mcg/dL","0.0*","27000","16307","1","204019","8","true"
"Test year (annual method)","2005","Minnesota","<6 years","45-69 mcg/dL","0.0*","27000","78890","5","411786","19.2","true"
"Test year (annual method)","2005","Minnesota","<3 years",">70 mcg/dL","0.0*","27000","62583","1","207767","30.1","true"
"Test year (annual method)","2005","Minnesota","3-<6 years",">70 mcg/dL","0.0*","27000","16307","0","204019","8","true"
"Test year (annual method)","2005","Minnesota","<6 years",">70 mcg/dL","0.0*","27000","78890","1","411786","19.2","true"
"Test year (annual method)","2006","Minnesota","<3 years","<5 mcg/dL (unelevated)","91.8","27000","69524","63825","209919","33.1","false"
"Test year (annual method)","2006","Minnesota","3-<6 years","<5 mcg/dL (unelevated)","88.5","27000","16244","14370","206981","7.8","false"
"Test year (annual method)","2006","Minnesota","<6 years","<5 mcg/dL (unelevated)","91.2","27000","85768","78195","416900","20.6","false"
"Test year (annual method)","2006","Minnesota","<3 years","5-9 mcg/dL","1.5","27000","69524","1044","209919","33.1","false"
"Test year (annual method)","2006","Minnesota","3-<6 years","5-9 mcg/dL","2.8","27000","16244","449","206981","7.8","false"
"Test year (annual method)","2006","Minnesota","<6 years","5-9 mcg/dL","1.7","27000","85768","1493","416900","20.6","false"
"Test year (annual method)","2006","Minnesota","<3 years","10-14 mcg/dL","0.3","27000","69524","225","209919","33.1","false"
"Test year (annual method)","2006","Minnesota","3-<6 years","10-14 mcg/dL","0.8","27000","16244","122","206981","7.8","false"
"Test year (annual method)","2006","Minnesota","<6 years","10-14 mcg/dL","0.4","27000","85768","347","416900","20.6","false"
"Test year (annual method)","2006","Minnesota","<3 years","15-19 mcg/dL","0.1","27000","69524","93","209919","33.1","false"
"Test year (annual method)","2006","Minnesota","3-<6 years","15-19 mcg/dL","0.2","27000","16244","29","206981","7.8","false"
"Test year (annual method)","2006","Minnesota","<6 years","15-19 mcg/dL","0.1","27000","85768","122","416900","20.6","false"
"Test year (annual method)","2006","Minnesota","<3 years","20-24 mcg/dL","0.1","27000","69524","42","209919","33.1","false"
"Test year (annual method)","2006","Minnesota","3-<6 years","20-24 mcg/dL","0.1*","27000","16244","17","206981","7.8","true"
"Test year (annual method)","2006","Minnesota","<6 years","20-24 mcg/dL","0.1","27000","85768","59","416900","20.6","false"
"Test year (annual method)","2006","Minnesota","<3 years","25-44 mcg/dL","0.0","27000","69524","32","209919","33.1","false"
"Test year (annual method)","2006","Minnesota","3-<6 years","25-44 mcg/dL","0.0*","27000","16244","7","206981","7.8","true"
"Test year (annual method)","2006","Minnesota","<6 years","25-44 mcg/dL","0.0","27000","85768","39","416900","20.6","false"
"Test year (annual method)","2006","Minnesota","<3 years","45-69 mcg/dL","0.0*","27000","69524","4","209919","33.1","true"
"Test year (annual method)","2006","Minnesota","3-<6 years","45-69 mcg/dL","0.0*","27000","16244","2","206981","7.8","true"
"Test year (annual method)","2006","Minnesota","<6 years","45-69 mcg/dL","0.0*","27000","85768","6","416900","20.6","true"
"Test year (annual method)","2006","Minnesota","<3 years",">70 mcg/dL","0.0*","27000","69524","1","209919","33.1","true"
"Test year (annual method)","2006","Minnesota","3-<6 years",">70 mcg/dL","0.0*","27000","16244","1","206981","7.8","true"
"Test year (annual method)","2006","Minnesota","<6 years",">70 mcg/dL","0.0*","27000","85768","2","416900","20.6","true"
"Test year (annual method)","2007","Minnesota","<3 years","<5 mcg/dL (unelevated)","93.4","27000","77225","72122","212725","36.3","false"
"Test year (annual method)","2007","Minnesota","3-<6 years","<5 mcg/dL (unelevated)","91.3","27000","16229","14817","209624","7.7","false"
"Test year (annual method)","2007","Minnesota","<6 years","<5 mcg/dL (unelevated)","93.0","27000","93454","86939","422349","22.1","false"
"Test year (annual method)","2007","Minnesota","<3 years","5-9 mcg/dL","1.2","27000","77225","927","212725","36.3","false"
"Test year (annual method)","2007","Minnesota","3-<6 years","5-9 mcg/dL","2.0","27000","16229","331","209624","7.7","false"
"Test year (annual method)","2007","Minnesota","<6 years","5-9 mcg/dL","1.3","27000","93454","1258","422349","22.1","false"
"Test year (annual method)","2007","Minnesota","<3 years","10-14 mcg/dL","0.3","27000","77225","205","212725","36.3","false"
"Test year (annual method)","2007","Minnesota","3-<6 years","10-14 mcg/dL","0.6","27000","16229","95","209624","7.7","false"
"Test year (annual method)","2007","Minnesota","<6 years","10-14 mcg/dL","0.3","27000","93454","300","422349","22.1","false"
"Test year (annual method)","2007","Minnesota","<3 years","15-19 mcg/dL","0.1","27000","77225","72","212725","36.3","false"
"Test year (annual method)","2007","Minnesota","3-<6 years","15-19 mcg/dL","0.2","27000","16229","31","209624","7.7","false"
"Test year (annual method)","2007","Minnesota","<6 years","15-19 mcg/dL","0.1","27000","93454","103","422349","22.1","false"
"Test year (annual method)","2007","Minnesota","<3 years","20-24 mcg/dL","0.0","27000","77225","36","212725","36.3","false"
"Test year (annual method)","2007","Minnesota","3-<6 years","20-24 mcg/dL","0.0*","27000","16229","5","209624","7.7","true"
"Test year (annual method)","2007","Minnesota","<6 years","20-24 mcg/dL","0.0","27000","93454","41","422349","22.1","false"
"Test year (annual method)","2007","Minnesota","<3 years","25-44 mcg/dL","0.0","27000","77225","31","212725","36.3","false"
"Test year (annual method)","2007","Minnesota","3-<6 years","25-44 mcg/dL","0.1*","27000","16229","13","209624","7.7","true"
"Test year (annual method)","2007","Minnesota","<6 years","25-44 mcg/dL","0.0","27000","93454","44","422349","22.1","false"
"Test year (annual method)","2007","Minnesota","<3 years","45-69 mcg/dL","0.0*","27000","77225","8","212725","36.3","true"
"Test year (annual method)","2007","Minnesota","3-<6 years","45-69 mcg/dL","0.0*","27000","16229","2","209624","7.7","true"
"Test year (annual method)","2007","Minnesota","<6 years","45-69 mcg/dL","0.0*","27000","93454","10","422349","22.1","true"
"Test year (annual method)","2007","Minnesota","<3 years",">70 mcg/dL","0.0*","27000","77225","2","212725","36.3","true"
"Test year (annual method)","2007","Minnesota","3-<6 years",">70 mcg/dL","0.0*","27000","16229","0","209624","7.7","true"
"Test year (annual method)","2007","Minnesota","<6 years",">70 mcg/dL","0.0*","27000","93454","2","422349","22.1","true"
"Test year (annual method)","2008","Minnesota","<3 years","<5 mcg/dL (unelevated)","95.3","27000","81544","77696","214895","37.9","false"
"Test year (annual method)","2008","Minnesota","3-<6 years","<5 mcg/dL (unelevated)","92.8","27000","15146","14060","211975","7.1","false"
"Test year (annual method)","2008","Minnesota","<6 years","<5 mcg/dL (unelevated)","94.9","27000","96690","91756","426870","22.7","false"
"Test year (annual method)","2008","Minnesota","<3 years","5-9 mcg/dL","0.9","27000","81544","755","214895","37.9","false"
"Test year (annual method)","2008","Minnesota","3-<6 years","5-9 mcg/dL","1.6","27000","15146","237","211975","7.1","false"
"Test year (annual method)","2008","Minnesota","<6 years","5-9 mcg/dL","1.0","27000","96690","992","426870","22.7","false"
"Test year (annual method)","2008","Minnesota","<3 years","10-14 mcg/dL","0.2","27000","81544","163","214895","37.9","false"
"Test year (annual method)","2008","Minnesota","3-<6 years","10-14 mcg/dL","0.3","27000","15146","53","211975","7.1","false"
"Test year (annual method)","2008","Minnesota","<6 years","10-14 mcg/dL","0.2","27000","96690","216","426870","22.7","false"
"Test year (annual method)","2008","Minnesota","<3 years","15-19 mcg/dL","0.1","27000","81544","75","214895","37.9","false"
"Test year (annual method)","2008","Minnesota","3-<6 years","15-19 mcg/dL","0.1*","27000","15146","11","211975","7.1","true"
"Test year (annual method)","2008","Minnesota","<6 years","15-19 mcg/dL","0.1","27000","96690","86","426870","22.7","false"
"Test year (annual method)","2008","Minnesota","<3 years","20-24 mcg/dL","0.0","27000","81544","34","214895","37.9","false"
"Test year (annual method)","2008","Minnesota","3-<6 years","20-24 mcg/dL","0.1*","27000","15146","13","211975","7.1","true"
"Test year (annual method)","2008","Minnesota","<6 years","20-24 mcg/dL","0.0","27000","96690","47","426870","22.7","false"
"Test year (annual method)","2008","Minnesota","<3 years","25-44 mcg/dL","0.0","27000","81544","25","214895","37.9","false"
"Test year (annual method)","2008","Minnesota","3-<6 years","25-44 mcg/dL","0.1*","27000","15146","10","211975","7.1","true"
"Test year (annual method)","2008","Minnesota","<6 years","25-44 mcg/dL","0.0","27000","96690","35","426870","22.7","false"
"Test year (annual method)","2008","Minnesota","<3 years","45-69 mcg/dL","0.0*","27000","81544","4","214895","37.9","true"
"Test year (annual method)","2008","Minnesota","3-<6 years","45-69 mcg/dL","0.0*","27000","15146","1","211975","7.1","true"
"Test year (annual method)","2008","Minnesota","<6 years","45-69 mcg/dL","0.0*","27000","96690","5","426870","22.7","true"
"Test year (annual method)","2008","Minnesota","<3 years",">70 mcg/dL","0.0*","27000","81544","2","214895","37.9","true"
"Test year (annual method)","2008","Minnesota","3-<6 years",">70 mcg/dL","0.0*","27000","15146","1","211975","7.1","true"
"Test year (annual method)","2008","Minnesota","<6 years",">70 mcg/dL","0.0*","27000","96690","3","426870","22.7","true"
"Test year (annual method)","2009","Minnesota","<3 years","<5 mcg/dL (unelevated)","95.9","27000","81720","78343","213847","38.2","false"
"Test year (annual method)","2009","Minnesota","3-<6 years","<5 mcg/dL (unelevated)","93.6","27000","13306","12450","214251","6.2","false"
"Test year (annual method)","2009","Minnesota","<6 years","<5 mcg/dL (unelevated)","95.5","27000","95026","90793","428098","22.2","false"
"Test year (annual method)","2009","Minnesota","<3 years","5-9 mcg/dL","0.8","27000","81720","672","213847","38.2","false"
"Test year (annual method)","2009","Minnesota","3-<6 years","5-9 mcg/dL","1.8","27000","13306","236","214251","6.2","false"
"Test year (annual method)","2009","Minnesota","<6 years","5-9 mcg/dL","1.0","27000","95026","908","428098","22.2","false"
"Test year (annual method)","2009","Minnesota","<3 years","10-14 mcg/dL","0.2","27000","81720","151","213847","38.2","false"
"Test year (annual method)","2009","Minnesota","3-<6 years","10-14 mcg/dL","0.3","27000","13306","42","214251","6.2","false"
"Test year (annual method)","2009","Minnesota","<6 years","10-14 mcg/dL","0.2","27000","95026","193","428098","22.2","false"
"Test year (annual method)","2009","Minnesota","<3 years","15-19 mcg/dL","0.1","27000","81720","45","213847","38.2","false"
"Test year (annual method)","2009","Minnesota","3-<6 years","15-19 mcg/dL","0.1*","27000","13306","17","214251","6.2","true"
"Test year (annual method)","2009","Minnesota","<6 years","15-19 mcg/dL","0.1","27000","95026","62","428098","22.2","false"
"Test year (annual method)","2009","Minnesota","<3 years","20-24 mcg/dL","0.0","27000","81720","29","213847","38.2","false"
"Test year (annual method)","2009","Minnesota","3-<6 years","20-24 mcg/dL","0.1*","27000","13306","10","214251","6.2","true"
"Test year (annual method)","2009","Minnesota","<6 years","20-24 mcg/dL","0.0","27000","95026","39","428098","22.2","false"
"Test year (annual method)","2009","Minnesota","<3 years","25-44 mcg/dL","0.0","27000","81720","34","213847","38.2","false"
"Test year (annual method)","2009","Minnesota","3-<6 years","25-44 mcg/dL","0.1*","27000","13306","10","214251","6.2","true"
"Test year (annual method)","2009","Minnesota","<6 years","25-44 mcg/dL","0.0","27000","95026","44","428098","22.2","false"
"Test year (annual method)","2009","Minnesota","<3 years","45-69 mcg/dL","0.0*","27000","81720","2","213847","38.2","true"
"Test year (annual method)","2009","Minnesota","3-<6 years","45-69 mcg/dL","0.0*","27000","13306","1","214251","6.2","true"
"Test year (annual method)","2009","Minnesota","<6 years","45-69 mcg/dL","0.0*","27000","95026","3","428098","22.2","true"
"Test year (annual method)","2009","Minnesota","<3 years",">70 mcg/dL","0.0*","27000","81720","0","213847","38.2","true"
"Test year (annual method)","2009","Minnesota","3-<6 years",">70 mcg/dL","0.0*","27000","13306","1","214251","6.2","true"
"Test year (annual method)","2009","Minnesota","<6 years",">70 mcg/dL","0.0*","27000","95026","1","428098","22.2","true"
"Test year (annual method)","2010","Minnesota","<3 years","<5 mcg/dL (unelevated)","96.7","27000","82130","79404","210688","39","false"
"Test year (annual method)","2010","Minnesota","3-<6 years","<5 mcg/dL (unelevated)","94.5","27000","12618","11922","216364","5.8","false"
"Test year (annual method)","2010","Minnesota","<6 years","<5 mcg/dL (unelevated)","96.4","27000","94748","91326","427052","22.2","false"
"Test year (annual method)","2010","Minnesota","<3 years","5-9 mcg/dL","0.7","27000","82130","549","210688","39","false"
"Test year (annual method)","2010","Minnesota","3-<6 years","5-9 mcg/dL","1.7","27000","12618","212","216364","5.8","false"
"Test year (annual method)","2010","Minnesota","<6 years","5-9 mcg/dL","0.8","27000","94748","761","427052","22.2","false"
"Test year (annual method)","2010","Minnesota","<3 years","10-14 mcg/dL","0.1","27000","82130","113","210688","39","false"
"Test year (annual method)","2010","Minnesota","3-<6 years","10-14 mcg/dL","0.3","27000","12618","35","216364","5.8","false"
"Test year (annual method)","2010","Minnesota","<6 years","10-14 mcg/dL","0.2","27000","94748","148","427052","22.2","false"
"Test year (annual method)","2010","Minnesota","<3 years","15-19 mcg/dL","0.1","27000","82130","60","210688","39","false"
"Test year (annual method)","2010","Minnesota","3-<6 years","15-19 mcg/dL","0.1*","27000","12618","11","216364","5.8","true"
"Test year (annual method)","2010","Minnesota","<6 years","15-19 mcg/dL","0.1","27000","94748","71","427052","22.2","false"
"Test year (annual method)","2010","Minnesota","<3 years","20-24 mcg/dL","0.0","27000","82130","20","210688","39","false"
"Test year (annual method)","2010","Minnesota","3-<6 years","20-24 mcg/dL","0.0*","27000","12618","2","216364","5.8","true"
"Test year (annual method)","2010","Minnesota","<6 years","20-24 mcg/dL","0.0","27000","94748","22","427052","22.2","false"
"Test year (annual method)","2010","Minnesota","<3 years","25-44 mcg/dL","0.0","27000","82130","25","210688","39","false"
"Test year (annual method)","2010","Minnesota","3-<6 years","25-44 mcg/dL","0.1*","27000","12618","7","216364","5.8","true"
"Test year (annual method)","2010","Minnesota","<6 years","25-44 mcg/dL","0.0","27000","94748","32","427052","22.2","false"
"Test year (annual method)","2010","Minnesota","<3 years","45-69 mcg/dL","0.0*","27000","82130","4","210688","39","true"
"Test year (annual method)","2010","Minnesota","3-<6 years","45-69 mcg/dL","0.0*","27000","12618","1","216364","5.8","true"
"Test year (annual method)","2010","Minnesota","<6 years","45-69 mcg/dL","0.0*","27000","94748","5","427052","22.2","true"
"Test year (annual method)","2010","Minnesota","<3 years",">70 mcg/dL","0.0*","27000","82130","0","210688","39","true"
"Test year (annual method)","2010","Minnesota","3-<6 years",">70 mcg/dL","0.0*","27000","12618","0","216364","5.8","true"
"Test year (annual method)","2010","Minnesota","<6 years",">70 mcg/dL","0.0*","27000","94748","0","427052","22.2","true"
"Test year (annual method)","2011","Minnesota","<3 years","<5 mcg/dL (unelevated)","97.3","27000","79567","77446","208065","38.2","false"
"Test year (annual method)","2011","Minnesota","3-<6 years","<5 mcg/dL (unelevated)","95.5","27000","11777","11251","217187","5.4","false"
"Test year (annual method)","2011","Minnesota","<6 years","<5 mcg/dL (unelevated)","97.1","27000","91344","88697","425252","21.5","false"
"Test year (annual method)","2011","Minnesota","<3 years","5-9 mcg/dL","0.6","27000","79567","502","208065","38.2","false"
"Test year (annual method)","2011","Minnesota","3-<6 years","5-9 mcg/dL","1.4","27000","11777","170","217187","5.4","false"
"Test year (annual method)","2011","Minnesota","<6 years","5-9 mcg/dL","0.7","27000","91344","672","425252","21.5","false"
"Test year (annual method)","2011","Minnesota","<3 years","10-14 mcg/dL","0.1","27000","79567","111","208065","38.2","false"
"Test year (annual method)","2011","Minnesota","3-<6 years","10-14 mcg/dL","0.3","27000","11777","37","217187","5.4","false"
"Test year (annual method)","2011","Minnesota","<6 years","10-14 mcg/dL","0.2","27000","91344","148","425252","21.5","false"
"Test year (annual method)","2011","Minnesota","<3 years","15-19 mcg/dL","0.1","27000","79567","43","208065","38.2","false"
"Test year (annual method)","2011","Minnesota","3-<6 years","15-19 mcg/dL","0.1*","27000","11777","9","217187","5.4","true"
"Test year (annual method)","2011","Minnesota","<6 years","15-19 mcg/dL","0.1","27000","91344","52","425252","21.5","false"
"Test year (annual method)","2011","Minnesota","<3 years","20-24 mcg/dL","0.0*","27000","79567","17","208065","38.2","true"
"Test year (annual method)","2011","Minnesota","3-<6 years","20-24 mcg/dL","0.0*","27000","11777","3","217187","5.4","true"
"Test year (annual method)","2011","Minnesota","<6 years","20-24 mcg/dL","0.0","27000","91344","20","425252","21.5","false"
"Test year (annual method)","2011","Minnesota","<3 years","25-44 mcg/dL","0.0","27000","79567","22","208065","38.2","false"
"Test year (annual method)","2011","Minnesota","3-<6 years","25-44 mcg/dL","0.1*","27000","11777","8","217187","5.4","true"
"Test year (annual method)","2011","Minnesota","<6 years","25-44 mcg/dL","0.0","27000","91344","30","425252","21.5","false"
"Test year (annual method)","2011","Minnesota","<3 years","45-69 mcg/dL","0.0*","27000","79567","4","208065","38.2","true"
"Test year (annual method)","2011","Minnesota","3-<6 years","45-69 mcg/dL","0.0*","27000","11777","0","217187","5.4","true"
"Test year (annual method)","2011","Minnesota","<6 years","45-69 mcg/dL","0.0*","27000","91344","4","425252","21.5","true"
"Test year (annual method)","2011","Minnesota","<3 years",">70 mcg/dL","0.0*","27000","79567","0","208065","38.2","true"
"Test year (annual method)","2011","Minnesota","3-<6 years",">70 mcg/dL","0.0*","27000","11777","0","217187","5.4","true"
"Test year (annual method)","2011","Minnesota","<6 years",">70 mcg/dL","0.0*","27000","91344","0","425252","21.5","true"
"Test year (annual method)","2012","Minnesota","<3 years","<5 mcg/dL (unelevated)","98.1","27000","78842","77326","207312","38","false"
"Test year (annual method)","2012","Minnesota","3-<6 years","<5 mcg/dL (unelevated)","96.3","27000","11743","11312","215225","5.5","false"
"Test year (annual method)","2012","Minnesota","<6 years","<5 mcg/dL (unelevated)","97.9","27000","90585","88638","422537","21.4","false"
"Test year (annual method)","2012","Minnesota","<3 years","5-9 mcg/dL","0.7","27000","78842","589","207312","38","false"
"Test year (annual method)","2012","Minnesota","3-<6 years","5-9 mcg/dL","1.8","27000","11743","217","215225","5.5","false"
"Test year (annual method)","2012","Minnesota","<6 years","5-9 mcg/dL","0.9","27000","90585","806","422537","21.4","false"
"Test year (annual method)","2012","Minnesota","<3 years","10-14 mcg/dL","0.1","27000","78842","98","207312","38","false"
"Test year (annual method)","2012","Minnesota","3-<6 years","10-14 mcg/dL","0.3","27000","11743","35","215225","5.5","false"
"Test year (annual method)","2012","Minnesota","<6 years","10-14 mcg/dL","0.1","27000","90585","133","422537","21.4","false"
"Test year (annual method)","2012","Minnesota","<3 years","15-19 mcg/dL","0.1","27000","78842","49","207312","38","false"
"Test year (annual method)","2012","Minnesota","3-<6 years","15-19 mcg/dL","0.2","27000","11743","20","215225","5.5","false"
"Test year (annual method)","2012","Minnesota","<6 years","15-19 mcg/dL","0.1","27000","90585","69","422537","21.4","false"
"Test year (annual method)","2012","Minnesota","<3 years","20-24 mcg/dL","0.0*","27000","78842","17","207312","38","true"
"Test year (annual method)","2012","Minnesota","3-<6 years","20-24 mcg/dL","0.0*","27000","11743","4","215225","5.5","true"
"Test year (annual method)","2012","Minnesota","<6 years","20-24 mcg/dL","0.0","27000","90585","21","422537","21.4","false"
"Test year (annual method)","2012","Minnesota","<3 years","25-44 mcg/dL","0.0","27000","78842","23","207312","38","false"
"Test year (annual method)","2012","Minnesota","3-<6 years","25-44 mcg/dL","0.1*","27000","11743","7","215225","5.5","true"
"Test year (annual method)","2012","Minnesota","<6 years","25-44 mcg/dL","0.0","27000","90585","30","422537","21.4","false"
"Test year (annual method)","2012","Minnesota","<3 years","45-69 mcg/dL","0.0*","27000","78842","2","207312","38","true"
"Test year (annual method)","2012","Minnesota","3-<6 years","45-69 mcg/dL","0.0*","27000","11743","0","215225","5.5","true"
"Test year (annual method)","2012","Minnesota","<6 years","45-69 mcg/dL","0.0*","27000","90585","2","422537","21.4","true"
"Test year (annual method)","2012","Minnesota","<3 years",">70 mcg/dL","0.0*","27000","78842","2","207312","38","true"
"Test year (annual method)","2012","Minnesota","3-<6 years",">70 mcg/dL","0.0*","27000","11743","0","215225","5.5","true"
"Test year (annual method)","2012","Minnesota","<6 years",">70 mcg/dL","0.0*","27000","90585","2","422537","21.4","true"
"Test year (annual method)","2013","Minnesota","<3 years","<5 mcg/dL (unelevated)","98.5","27000","79168","78011","207390","38.2","false"
"Test year (annual method)","2013","Minnesota","3-<6 years","<5 mcg/dL (unelevated)","97.0","27000","10320","10010","213325","4.8","false"
"Test year (annual method)","2013","Minnesota","<6 years","<5 mcg/dL (unelevated)","98.4","27000","89488","88021","420715","21.3","false"
"Test year (annual method)","2013","Minnesota","<3 years","5-9 mcg/dL","0.7","27000","79168","520","207390","38.2","false"
"Test year (annual method)","2013","Minnesota","3-<6 years","5-9 mcg/dL","1.6","27000","10320","163","213325","4.8","false"
"Test year (annual method)","2013","Minnesota","<6 years","5-9 mcg/dL","0.8","27000","89488","683","420715","21.3","false"
"Test year (annual method)","2013","Minnesota","<3 years","10-14 mcg/dL","0.1","27000","79168","86","207390","38.2","false"
"Test year (annual method)","2013","Minnesota","3-<6 years","10-14 mcg/dL","0.2","27000","10320","23","213325","4.8","false"
"Test year (annual method)","2013","Minnesota","<6 years","10-14 mcg/dL","0.1","27000","89488","109","420715","21.3","false"
"Test year (annual method)","2013","Minnesota","<3 years","15-19 mcg/dL","0.0","27000","79168","34","207390","38.2","false"
"Test year (annual method)","2013","Minnesota","3-<6 years","15-19 mcg/dL","0.1*","27000","10320","14","213325","4.8","true"
"Test year (annual method)","2013","Minnesota","<6 years","15-19 mcg/dL","0.1","27000","89488","48","420715","21.3","false"
"Test year (annual method)","2013","Minnesota","<3 years","20-24 mcg/dL","0.0*","27000","79168","12","207390","38.2","true"
"Test year (annual method)","2013","Minnesota","3-<6 years","20-24 mcg/dL","0.0*","27000","10320","3","213325","4.8","true"
"Test year (annual method)","2013","Minnesota","<6 years","20-24 mcg/dL","0.0*","27000","89488","15","420715","21.3","true"
"Test year (annual method)","2013","Minnesota","<3 years","25-44 mcg/dL","0.0*","27000","79168","9","207390","38.2","true"
"Test year (annual method)","2013","Minnesota","3-<6 years","25-44 mcg/dL","0.0*","27000","10320","0","213325","4.8","true"
"Test year (annual method)","2013","Minnesota","<6 years","25-44 mcg/dL","0.0*","27000","89488","9","420715","21.3","true"
"Test year (annual method)","2013","Minnesota","<3 years","45-69 mcg/dL","0.0*","27000","79168","2","207390","38.2","true"
"Test year (annual method)","2013","Minnesota","3-<6 years","45-69 mcg/dL","0.0*","27000","10320","0","213325","4.8","true"
"Test year (annual method)","2013","Minnesota","<6 years","45-69 mcg/dL","0.0*","27000","89488","2","420715","21.3","true"
"Test year (annual method)","2013","Minnesota","<3 years",">70 mcg/dL","0.0*","27000","79168","0","207390","38.2","true"
"Test year (annual method)","2013","Minnesota","3-<6 years",">70 mcg/dL","0.0*","27000","10320","0","213325","4.8","true"
"Test year (annual method)","2013","Minnesota","<6 years",">70 mcg/dL","0.0*","27000","89488","0","420715","21.3","true"
"Test year (annual method)","2014","Minnesota","<3 years","<5 mcg/dL (unelevated)","98.8","27000","79460","78509","208919","38","false"
"Test year (annual method)","2014","Minnesota","3-<6 years","<5 mcg/dL (unelevated)","97.4","27000","9600","9350","211046","4.5","false"
"Test year (annual method)","2014","Minnesota","<6 years","<5 mcg/dL (unelevated)","98.7","27000","89060","87859","419965","21.2","false"
"Test year (annual method)","2014","Minnesota","<3 years","5-9 mcg/dL","0.5","27000","79460","395","208919","38","false"
"Test year (annual method)","2014","Minnesota","3-<6 years","5-9 mcg/dL","1.2","27000","9600","115","211046","4.5","false"
"Test year (annual method)","2014","Minnesota","<6 years","5-9 mcg/dL","0.6","27000","89060","510","419965","21.2","false"
"Test year (annual method)","2014","Minnesota","<3 years","10-14 mcg/dL","0.1","27000","79460","92","208919","38","false"
"Test year (annual method)","2014","Minnesota","3-<6 years","10-14 mcg/dL","0.3","27000","9600","33","211046","4.5","false"
"Test year (annual method)","2014","Minnesota","<6 years","10-14 mcg/dL","0.1","27000","89060","125","419965","21.2","false"
"Test year (annual method)","2014","Minnesota","<3 years","15-19 mcg/dL","0.0","27000","79460","34","208919","38","false"
"Test year (annual method)","2014","Minnesota","3-<6 years","15-19 mcg/dL","0.1*","27000","9600","8","211046","4.5","true"
"Test year (annual method)","2014","Minnesota","<6 years","15-19 mcg/dL","0.0","27000","89060","42","419965","21.2","false"
"Test year (annual method)","2014","Minnesota","<3 years","20-24 mcg/dL","0.0*","27000","79460","19","208919","38","true"
"Test year (annual method)","2014","Minnesota","3-<6 years","20-24 mcg/dL","0.1*","27000","9600","5","211046","4.5","true"
"Test year (annual method)","2014","Minnesota","<6 years","20-24 mcg/dL","0.0","27000","89060","24","419965","21.2","false"
"Test year (annual method)","2014","Minnesota","<3 years","25-44 mcg/dL","0.0*","27000","79460","18","208919","38","true"
"Test year (annual method)","2014","Minnesota","3-<6 years","25-44 mcg/dL","0.0*","27000","9600","4","211046","4.5","true"
"Test year (annual method)","2014","Minnesota","<6 years","25-44 mcg/dL","0.0","27000","89060","22","419965","21.2","false"
"Test year (annual method)","2014","Minnesota","<3 years","45-69 mcg/dL","0.0*","27000","79460","6","208919","38","true"
"Test year (annual method)","2014","Minnesota","3-<6 years","45-69 mcg/dL","0.0*","27000","9600","0","211046","4.5","true"
"Test year (annual method)","2014","Minnesota","<6 years","45-69 mcg/dL","0.0*","27000","89060","6","419965","21.2","true"
"Test year (annual method)","2014","Minnesota","<3 years",">70 mcg/dL","0.0*","27000","79460","0","208919","38","true"
"Test year (annual method)","2014","Minnesota","3-<6 years",">70 mcg/dL","0.0*","27000","9600","1","211046","4.5","true"
"Test year (annual method)","2014","Minnesota","<6 years",">70 mcg/dL","0.0*","27000","89060","1","419965","21.2","true"
"Test year (annual method)","2015","Minnesota","<3 years","<5 mcg/dL (unelevated)","98.8","27000","79181","78226","210833","37.6","false"
"Test year (annual method)","2015","Minnesota","3-<6 years","<5 mcg/dL (unelevated)","97.4","27000","8536","8315","210596","4.1","false"
"Test year (annual method)","2015","Minnesota","<6 years","<5 mcg/dL (unelevated)","98.7","27000","87717","86541","421429","20.8","false"
"Test year (annual method)","2015","Minnesota","<3 years","5-9 mcg/dL","0.6","27000","79181","454","210833","37.6","false"
"Test year (annual method)","2015","Minnesota","3-<6 years","5-9 mcg/dL","1.3","27000","8536","114","210596","4.1","false"
"Test year (annual method)","2015","Minnesota","<6 years","5-9 mcg/dL","0.6","27000","87717","568","421429","20.8","false"
"Test year (annual method)","2015","Minnesota","<3 years","10-14 mcg/dL","0.1","27000","79181","101","210833","37.6","false"
"Test year (annual method)","2015","Minnesota","3-<6 years","10-14 mcg/dL","0.2","27000","8536","20","210596","4.1","false"
"Test year (annual method)","2015","Minnesota","<6 years","10-14 mcg/dL","0.1","27000","87717","121","421429","20.8","false"
"Test year (annual method)","2015","Minnesota","<3 years","15-19 mcg/dL","0.0","27000","79181","34","210833","37.6","false"
"Test year (annual method)","2015","Minnesota","3-<6 years","15-19 mcg/dL","0.1*","27000","8536","9","210596","4.1","true"
"Test year (annual method)","2015","Minnesota","<6 years","15-19 mcg/dL","0.0","27000","87717","43","421429","20.8","false"
"Test year (annual method)","2015","Minnesota","<3 years","20-24 mcg/dL","0.0*","27000","79181","16","210833","37.6","true"
"Test year (annual method)","2015","Minnesota","3-<6 years","20-24 mcg/dL","0.1*","27000","8536","5","210596","4.1","true"
"Test year (annual method)","2015","Minnesota","<6 years","20-24 mcg/dL","0.0","27000","87717","21","421429","20.8","false"
"Test year (annual method)","2015","Minnesota","<3 years","25-44 mcg/dL","0.0*","27000","79181","16","210833","37.6","true"
"Test year (annual method)","2015","Minnesota","3-<6 years","25-44 mcg/dL","0.1*","27000","8536","6","210596","4.1","true"
"Test year (annual method)","2015","Minnesota","<6 years","25-44 mcg/dL","0.0","27000","87717","22","421429","20.8","false"
"Test year (annual method)","2015","Minnesota","<3 years","45-69 mcg/dL","0.0*","27000","79181","4","210833","37.6","true"
"Test year (annual method)","2015","Minnesota","3-<6 years","45-69 mcg/dL","0.0*","27000","8536","2","210596","4.1","true"
"Test year (annual method)","2015","Minnesota","<6 years","45-69 mcg/dL","0.0*","27000","87717","6","421429","20.8","true"
"Test year (annual method)","2015","Minnesota","<3 years",">70 mcg/dL","0.0*","27000","79181","0","210833","37.6","true"
"Test year (annual method)","2015","Minnesota","3-<6 years",">70 mcg/dL","0.0*","27000","8536","0","210596","4.1","true"
"Test year (annual method)","2015","Minnesota","<6 years",">70 mcg/dL","0.0*","27000","87717","0","421429","20.8","true"
"Test year (annual method)","2016","Minnesota","<3 years","<5 mcg/dL (unelevated)","98.8","27000","81012","80044","211442","38.3","false"
"Test year (annual method)","2016","Minnesota","3-<6 years","<5 mcg/dL (unelevated)","96.7","27000","8832","8537","211658","4.2","false"
"Test year (annual method)","2016","Minnesota","<6 years","<5 mcg/dL (unelevated)","98.6","27000","89844","88581","423100","21.2","false"
"Test year (annual method)","2016","Minnesota","<3 years","5-9 mcg/dL","0.6","27000","81012","469","211442","38.3","false"
"Test year (annual method)","2016","Minnesota","3-<6 years","5-9 mcg/dL","1.8","27000","8832","157","211658","4.2","false"
"Test year (annual method)","2016","Minnesota","<6 years","5-9 mcg/dL","0.7","27000","89844","626","423100","21.2","false"
"Test year (annual method)","2016","Minnesota","<3 years","10-14 mcg/dL","0.1","27000","81012","104","211442","38.3","false"
"Test year (annual method)","2016","Minnesota","3-<6 years","10-14 mcg/dL","0.3","27000","8832","30","211658","4.2","false"
"Test year (annual method)","2016","Minnesota","<6 years","10-14 mcg/dL","0.1","27000","89844","134","423100","21.2","false"
"Test year (annual method)","2016","Minnesota","<3 years","15-19 mcg/dL","0.1","27000","81012","44","211442","38.3","false"
"Test year (annual method)","2016","Minnesota","3-<6 years","15-19 mcg/dL","0.1*","27000","8832","9","211658","4.2","true"
"Test year (annual method)","2016","Minnesota","<6 years","15-19 mcg/dL","0.1","27000","89844","53","423100","21.2","false"
"Test year (annual method)","2016","Minnesota","<3 years","20-24 mcg/dL","0.0*","27000","81012","17","211442","38.3","true"
"Test year (annual method)","2016","Minnesota","3-<6 years","20-24 mcg/dL","0.1*","27000","8832","8","211658","4.2","true"
"Test year (annual method)","2016","Minnesota","<6 years","20-24 mcg/dL","0.0","27000","89844","25","423100","21.2","false"
"Test year (annual method)","2016","Minnesota","<3 years","25-44 mcg/dL","0.0","27000","81012","24","211442","38.3","false"
"Test year (annual method)","2016","Minnesota","3-<6 years","25-44 mcg/dL","0.1*","27000","8832","7","211658","4.2","true"
"Test year (annual method)","2016","Minnesota","<6 years","25-44 mcg/dL","0.0","27000","89844","31","423100","21.2","false"
"Test year (annual method)","2016","Minnesota","<3 years","45-69 mcg/dL","0.0*","27000","81012","0","211442","38.3","true"
"Test year (annual method)","2016","Minnesota","3-<6 years","45-69 mcg/dL","0.0*","27000","8832","3","211658","4.2","true"
"Test year (annual method)","2016","Minnesota","<6 years","45-69 mcg/dL","0.0*","27000","89844","3","423100","21.2","true"
"Test year (annual method)","2016","Minnesota","<3 years",">70 mcg/dL","0.0*","27000","81012","0","211442","38.3","true"
"Test year (annual method)","2016","Minnesota","3-<6 years",">70 mcg/dL","0.0*","27000","8832","1","211658","4.2","true"
"Test year (annual method)","2016","Minnesota","<6 years",">70 mcg/dL","0.0*","27000","89844","1","423100","21.2","true"
"Test year (annual method)","2017","Minnesota","<3 years","<5 mcg/dL (unelevated)","99.0","27000","82881","82021","211833","39.1","false"
"Test year (annual method)","2017","Minnesota","3-<6 years","<5 mcg/dL (unelevated)","97.3","27000","9654","9397","214657","4.5","false"
"Test year (annual method)","2017","Minnesota","<6 years","<5 mcg/dL (unelevated)","98.8","27000","92535","91418","426490","21.7","false"
"Test year (annual method)","2017","Minnesota","<3 years","5-9 mcg/dL","0.5","27000","82881","418","211833","39.1","false"
"Test year (annual method)","2017","Minnesota","3-<6 years","5-9 mcg/dL","1.5","27000","9654","145","214657","4.5","false"
"Test year (annual method)","2017","Minnesota","<6 years","5-9 mcg/dL","0.6","27000","92535","563","426490","21.7","false"
"Test year (annual method)","2017","Minnesota","<3 years","10-14 mcg/dL","0.1","27000","82881","93","211833","39.1","false"
"Test year (annual method)","2017","Minnesota","3-<6 years","10-14 mcg/dL","0.3","27000","9654","27","214657","4.5","false"
"Test year (annual method)","2017","Minnesota","<6 years","10-14 mcg/dL","0.1","27000","92535","120","426490","21.7","false"
"Test year (annual method)","2017","Minnesota","<3 years","15-19 mcg/dL","0.0","27000","82881","27","211833","39.1","false"
"Test year (annual method)","2017","Minnesota","3-<6 years","15-19 mcg/dL","0.1*","27000","9654","9","214657","4.5","true"
"Test year (annual method)","2017","Minnesota","<6 years","15-19 mcg/dL","0.0","27000","92535","36","426490","21.7","false"
"Test year (annual method)","2017","Minnesota","<3 years","20-24 mcg/dL","0.0*","27000","82881","17","211833","39.1","true"
"Test year (annual method)","2017","Minnesota","3-<6 years","20-24 mcg/dL","0.0*","27000","9654","3","214657","4.5","true"
"Test year (annual method)","2017","Minnesota","<6 years","20-24 mcg/dL","0.0","27000","92535","20","426490","21.7","false"
"Test year (annual method)","2017","Minnesota","<3 years","25-44 mcg/dL","0.0*","27000","82881","15","211833","39.1","true"
"Test year (annual method)","2017","Minnesota","3-<6 years","25-44 mcg/dL","0.1*","27000","9654","9","214657","4.5","true"
"Test year (annual method)","2017","Minnesota","<6 years","25-44 mcg/dL","0.0","27000","92535","24","426490","21.7","false"
"Test year (annual method)","2017","Minnesota","<3 years","45-69 mcg/dL","0.0*","27000","82881","0","211833","39.1","true"
"Test year (annual method)","2017","Minnesota","3-<6 years","45-69 mcg/dL","0.0*","27000","9654","1","214657","4.5","true"
"Test year (annual method)","2017","Minnesota","<6 years","45-69 mcg/dL","0.0*","27000","92535","1","426490","21.7","true"
"Test year (annual method)","2017","Minnesota","<3 years",">70 mcg/dL","0.0*","27000","82881","1","211833","39.1","true"
"Test year (annual method)","2017","Minnesota","3-<6 years",">70 mcg/dL","0.0*","27000","9654","0","214657","4.5","true"
"Test year (annual method)","2017","Minnesota","<6 years",">70 mcg/dL","0.0*","27000","92535","1","426490","21.7","true"
"Test year (annual method)","2018","Minnesota","<3 years","<5 mcg/dL (unelevated)","99.1","27000","82341","81593","210197","39.2","false"
"Test year (annual method)","2018","Minnesota","3-<6 years","<5 mcg/dL (unelevated)","97.8","27000","8834","8643","217283","4.1","false"
"Test year (annual method)","2018","Minnesota","<6 years","<5 mcg/dL (unelevated)","99.0","27000","91175","90236","427480","21.3","false"
"Test year (annual method)","2018","Minnesota","<3 years","5-9 mcg/dL","0.5","27000","82341","384","210197","39.2","false"
"Test year (annual method)","2018","Minnesota","3-<6 years","5-9 mcg/dL","1.2","27000","8834","104","217283","4.1","false"
"Test year (annual method)","2018","Minnesota","<6 years","5-9 mcg/dL","0.5","27000","91175","488","427480","21.3","false"
"Test year (annual method)","2018","Minnesota","<3 years","10-14 mcg/dL","0.1","27000","82341","100","210197","39.2","false"
"Test year (annual method)","2018","Minnesota","3-<6 years","10-14 mcg/dL","0.3","27000","8834","25","217283","4.1","false"
"Test year (annual method)","2018","Minnesota","<6 years","10-14 mcg/dL","0.1","27000","91175","125","427480","21.3","false"
"Test year (annual method)","2018","Minnesota","<3 years","15-19 mcg/dL","0.0","27000","82341","36","210197","39.2","false"
"Test year (annual method)","2018","Minnesota","3-<6 years","15-19 mcg/dL","0.1*","27000","8834","9","217283","4.1","true"
"Test year (annual method)","2018","Minnesota","<6 years","15-19 mcg/dL","0.0","27000","91175","45","427480","21.3","false"
"Test year (annual method)","2018","Minnesota","<3 years","20-24 mcg/dL","0.0*","27000","82341","17","210197","39.2","true"
"Test year (annual method)","2018","Minnesota","3-<6 years","20-24 mcg/dL","0.1*","27000","8834","5","217283","4.1","true"
"Test year (annual method)","2018","Minnesota","<6 years","20-24 mcg/dL","0.0","27000","91175","22","427480","21.3","false"
"Test year (annual method)","2018","Minnesota","<3 years","25-44 mcg/dL","0.0*","27000","82341","14","210197","39.2","true"
"Test year (annual method)","2018","Minnesota","3-<6 years","25-44 mcg/dL","0.0*","27000","8834","3","217283","4.1","true"
"Test year (annual method)","2018","Minnesota","<6 years","25-44 mcg/dL","0.0*","27000","91175","17","427480","21.3","true"
"Test year (annual method)","2018","Minnesota","<3 years","45-69 mcg/dL","0.0*","27000","82341","2","210197","39.2","true"
"Test year (annual method)","2018","Minnesota","3-<6 years","45-69 mcg/dL","0.0*","27000","8834","1","217283","4.1","true"
"Test year (annual method)","2018","Minnesota","<6 years","45-69 mcg/dL","0.0*","27000","91175","3","427480","21.3","true"
"Test year (annual method)","2018","Minnesota","<3 years",">70 mcg/dL","0.0*","27000","82341","2","210197","39.2","true"
"Test year (annual method)","2018","Minnesota","<6 years",">70 mcg/dL","0.0*","27000","91175","2","427480","21.3","true"
"Test year (annual method)","2019","Minnesota","<3 years","<5 mcg/dL (unelevated)","99.2","27000","80844","80200","206911","39.1","false"
"Test year (annual method)","2019","Minnesota","3-<6 years","<5 mcg/dL (unelevated)","97.9","27000","9014","8829","217909","4.1","false"
"Test year (annual method)","2019","Minnesota","<6 years","<5 mcg/dL (unelevated)","99.1","27000","89858","89029","424820","21.2","false"
"Test year (annual method)","2019","Minnesota","3-<6 years","5-9 mcg/dL","1.2","27000","9014","109","217909","4.1","false"
"Test year (annual method)","2019","Minnesota","<3 years","10-14 mcg/dL","0.1","27000","80844","68","206911","39.1","false"
"Test year (annual method)","2019","Minnesota","3-<6 years","10-14 mcg/dL","0.2*","27000","9014","14","217909","4.1","true"
"Test year (annual method)","2019","Minnesota","<6 years","10-14 mcg/dL","0.1","27000","89858","82","424820","21.2","false"
"Test year (annual method)","2019","Minnesota","<3 years","15-19 mcg/dL","0.0","27000","80844","32","206911","39.1","false"
"Test year (annual method)","2019","Minnesota","3-<6 years","15-19 mcg/dL","0.1*","27000","9014","7","217909","4.1","true"
"Test year (annual method)","2019","Minnesota","<6 years","15-19 mcg/dL","0.0","27000","89858","39","424820","21.2","false"
"Test year (annual method)","2019","Minnesota","<3 years","20-24 mcg/dL","0.0*","27000","80844","10","206911","39.1","true"
"Test year (annual method)","2019","Minnesota","3-<6 years","20-24 mcg/dL","0.0*","27000","9014","3","217909","4.1","true"
"Test year (annual method)","2019","Minnesota","<6 years","20-24 mcg/dL","0.0*","27000","89858","13","424820","21.2","true"
"Test year (annual method)","2019","Minnesota","<3 years","25-44 mcg/dL","0.0*","27000","80844","14","206911","39.1","true"
"Test year (annual method)","2019","Minnesota","3-<6 years","25-44 mcg/dL","0.1*","27000","9014","7","217909","4.1","true"
"Test year (annual method)","2019","Minnesota","<6 years","25-44 mcg/dL","0.0","27000","89858","21","424820","21.2","false"
"Test year (annual method)","2019","Minnesota","<3 years","45-69 mcg/dL","0.0*","27000","80844","5","206911","39.1","true"
"Test year (annual method)","2019","Minnesota","3-<6 years","45-69 mcg/dL","0.0*","27000","9014","2","217909","4.1","true"
"Test year (annual method)","2019","Minnesota","<6 years","45-69 mcg/dL","0.0*","27000","89858","7","424820","21.2","true"
"Test year (annual method)","2019","Minnesota","<3 years",">70 mcg/dL","0.0*","27000","80844","0","206911","39.1","true"
"Test year (annual method)","2019","Minnesota","3-<6 years",">70 mcg/dL","0.0*","27000","9014","0","217909","4.1","true"
"Test year (annual method)","2019","Minnesota","<6 years",">70 mcg/dL","0.0*","27000","89858","0","424820","21.2","true"
"Test year (annual method)","2020","Minnesota","<3 years","<5 mcg/dL (unelevated)","99.3","27000","72364","71824","202513","35.7","false"
"Test year (annual method)","2020","Minnesota","3-<6 years","<5 mcg/dL (unelevated)","97.8","27000","5473","5352","216445","2.5","false"
"Test year (annual method)","2020","Minnesota","<6 years","<5 mcg/dL (unelevated)","99.2","27000","77837","77176","418958","18.6","false"
"Test year (annual method)","2020","Minnesota","<3 years","5-9 mcg/dL","0.4","27000","72364","273","202513","35.7","false"
"Test year (annual method)","2020","Minnesota","3-<6 years","5-9 mcg/dL","1.2","27000","5473","63","216445","2.5","false"
"Test year (annual method)","2020","Minnesota","<6 years","5-9 mcg/dL","0.4","27000","77837","336","418958","18.6","false"
"Test year (annual method)","2020","Minnesota","<3 years","10-14 mcg/dL","0.1","27000","72364","63","202513","35.7","false"
"Test year (annual method)","2020","Minnesota","3-<6 years","10-14 mcg/dL","0.4","27000","5473","20","216445","2.5","false"
"Test year (annual method)","2020","Minnesota","<6 years","10-14 mcg/dL","0.1","27000","77837","83","418958","18.6","false"
"Test year (annual method)","2020","Minnesota","<3 years","15-19 mcg/dL","0.0","27000","72364","27","202513","35.7","false"
"Test year (annual method)","2020","Minnesota","3-<6 years","15-19 mcg/dL","0.1*","27000","5473","7","216445","2.5","true"
"Test year (annual method)","2020","Minnesota","<6 years","15-19 mcg/dL","0.0","27000","77837","34","418958","18.6","false"
"Test year (annual method)","2020","Minnesota","<3 years","20-24 mcg/dL","0.0*","27000","72364","12","202513","35.7","true"
"Test year (annual method)","2020","Minnesota","3-<6 years","20-24 mcg/dL","0.0*","27000","5473","2","216445","2.5","true"
"Test year (annual method)","2020","Minnesota","<6 years","20-24 mcg/dL","0.0*","27000","77837","14","418958","18.6","true"
"Test year (annual method)","2020","Minnesota","<3 years","25-44 mcg/dL","0.0*","27000","72364","10","202513","35.7","true"
"Test year (annual method)","2020","Minnesota","3-<6 years","25-44 mcg/dL","0.1*","27000","5473","6","216445","2.5","true"
"Test year (annual method)","2020","Minnesota","<6 years","25-44 mcg/dL","0.0*","27000","77837","16","418958","18.6","true"
"Test year (annual method)","2020","Minnesota","<3 years","45-69 mcg/dL","0.0*","27000","72364","1","202513","35.7","true"
"Test year (annual method)","2020","Minnesota","3-<6 years","45-69 mcg/dL","0.0*","27000","5473","1","216445","2.5","true"
"Test year (annual method)","2020","Minnesota","<6 years","45-69 mcg/dL","0.0*","27000","77837","2","418958","18.6","true"
"Test year (annual method)","2020","Minnesota","<3 years",">70 mcg/dL","0.0*","27000","72364","1","202513","35.7","true"
"Test year (annual method)","2020","Minnesota","3-<6 years",">70 mcg/dL","0.0*","27000","5473","1","216445","2.5","true"
"Test year (annual method)","2020","Minnesota","<6 years",">70 mcg/dL","0.0*","27000","77837","2","418958","18.6","true"
"Test year (annual method)","2021","Minnesota","<3 years","<5 mcg/dL (unelevated)","99.2","27000","75451","74873","197077","38.3","false"
"Test year (annual method)","2021","Minnesota","3-<6 years","<5 mcg/dL (unelevated)","97.8","27000","8284","8102","213568","3.9","false"
"Test year (annual method)","2021","Minnesota","<6 years","<5 mcg/dL (unelevated)","99.1","27000","83735","82975","410645","20.4","false"
"Test year (annual method)","2021","Minnesota","<3 years","5-9 mcg/dL","0.4","27000","75451","312","197077","38.3","false"
"Test year (annual method)","2021","Minnesota","3-<6 years","5-9 mcg/dL","1.1","27000","8284","90","213568","3.9","false"
"Test year (annual method)","2021","Minnesota","<6 years","5-9 mcg/dL","0.5","27000","83735","402","410645","20.4","false"
"Test year (annual method)","2021","Minnesota","<3 years","10-14 mcg/dL","0.1","27000","75451","70","197077","38.3","false"
"Test year (annual method)","2021","Minnesota","3-<6 years","10-14 mcg/dL","0.2","27000","8284","20","213568","3.9","false"
"Test year (annual method)","2021","Minnesota","<6 years","10-14 mcg/dL","0.1","27000","83735","90","410645","20.4","false"
"Test year (annual method)","2021","Minnesota","<3 years","15-19 mcg/dL","0.0*","27000","75451","15","197077","38.3","true"
"Test year (annual method)","2021","Minnesota","3-<6 years","15-19 mcg/dL","0.1*","27000","8284","7","213568","3.9","true"
"Test year (annual method)","2021","Minnesota","<6 years","15-19 mcg/dL","0.0","27000","83735","22","410645","20.4","false"
"Test year (annual method)","2021","Minnesota","<3 years","20-24 mcg/dL","0.0*","27000","75451","10","197077","38.3","true"
"Test year (annual method)","2021","Minnesota","3-<6 years","20-24 mcg/dL","0.1*","27000","8284","6","213568","3.9","true"
"Test year (annual method)","2021","Minnesota","<6 years","20-24 mcg/dL","0.0*","27000","83735","16","410645","20.4","true"
"Test year (annual method)","2021","Minnesota","<3 years","25-44 mcg/dL","0.0*","27000","75451","13","197077","38.3","true"
"Test year (annual method)","2021","Minnesota","3-<6 years","25-44 mcg/dL","0.1*","27000","8284","10","213568","3.9","true"
"Test year (annual method)","2021","Minnesota","<6 years","25-44 mcg/dL","0.0","27000","83735","23","410645","20.4","false"
"Test year (annual method)","2021","Minnesota","<3 years","45-69 mcg/dL","0.0*","27000","75451","1","197077","38.3","true"
"Test year (annual method)","2021","Minnesota","3-<6 years","45-69 mcg/dL","0.0*","27000","8284","1","213568","3.9","true"
"Test year (annual method)","2021","Minnesota","<6 years","45-69 mcg/dL","0.0*","27000","83735","2","410645","20.4","true"
"Test year (annual method)","2021","Minnesota","<3 years",">70 mcg/dL","0.0*","27000","75451","1","197077","38.3","true"
"Test year (annual method)","2021","Minnesota","3-<6 years",">70 mcg/dL","0.0","27000","8284","0","213568","3.9","false"
"Test year (annual method)","2021","Minnesota","<6 years",">70 mcg/dL","0.0*","27000","83735","1","410645","20.4","true"

* Percentages flagged with an asterisk (*) should be interpreted with caution since they are based on less than 20 EBLLs and the percent elevated can change dramatically with the addition or subtraction of one EBLL.
This query uses both a birth year and test year approach. Data for birth year (cohort method) determine how many children born in a specific year were tested before 3 years old and how many of those tested had an elevated blood lead level. Data for test year (annual method) determine how many children were tested in that year in the specific age group and how many of those tested had an elevated blood lead level.
Lead testing is not universal in Minnesota. Children with risk factors for lead exposure (such as older housing or poverty status) are targeted for testing. Because lead testing is not universal the 'percent elevated' indicator cannot be generalized for the overall population of children living in Minnesota.
There is no safe level of exposure to lead. The Centers for Disease Control and Prevention (CDC) now uses a reference level of 5 micrograms per deciliter (5 mcg/dL) to identify children with blood lead levels that are much higher than most children.
Data source (blood lead testing data): Minnesota Department of Health Lead & Healthy Homes Program.

Source:
Minnesota Public Health Data Access
Minnesota Environmental Public Health Tracking Program
Minnesota Department of Health
P.O. Box 64882
"St. Paul, MN 55164-0882"
Phone: (651) 201-5900 or toll free: 1-800-205-4987
Fax: (651) 201-5926
E-mail: tracking.health@state.mn.us
Web: http://health.mn.gov/mndata 

